unit_id,JobThroughput,AmbientRoomHumidity,PduLoad,DiskIoWait,do_set_FanSpeed
0,-29.946592060927415,15.090318997172854,78.77783020446729,32.7014251774646,0.0
1,-45.22151834588554,55.57376783548817,76.6751083557206,36.67653663872522,0.0
2,-48.338754446120525,40.31187435743005,67.48077664285819,62.52073211801465,0.0
3,-33.75834792474557,54.13648817132069,82.77110995811209,53.27299378391851,0.0
4,-58.31944563077498,50.07628410249773,81.4962663584068,26.41639230532897,0.0
5,-45.93396432228692,65.97807231016428,84.99843968806438,52.78076264689292,0.0
6,-54.172487791388804,50.0823644699739,71.91100074034676,48.219372972043715,0.0
7,-48.62224856847223,61.81106280736396,67.92336531067738,54.657667350261285,0.0
8,-47.766270237392575,41.97358035388451,79.25063794310313,43.85085837681247,0.0
9,-38.309293303687596,38.2131879842377,55.10096924529621,60.675026249464004,0.0
10,-72.6783329563567,57.82278527099383,86.99619248594435,63.56380187858227,0.0
11,-49.61990394573227,30.6767295424182,62.43019001067981,61.64389913459472,0.0
12,-42.936057468562396,50.94927074867869,78.82508518840879,40.463276149720976,0.0
13,-38.49604321134179,42.454704931598734,84.65397947493082,47.38270758210492,0.0
14,-38.87637684933666,37.983026999509015,84.87108649147756,49.169194080820596,0.0
15,-19.99701760599423,36.31306606943568,87.17392441037852,43.12942759658162,0.0
16,-41.768372780260236,64.97199174676054,60.68087676741123,34.826280571591134,0.0
17,-40.84661769957329,47.89782824337542,86.61675196821723,61.0496268644786,0.0
18,-27.629123502007527,58.037962010586526,84.74846214302713,39.86677747065319,0.0
19,-55.87959043300767,26.524580750480045,73.05582380664403,44.54746921377039,0.0
20,-43.19028474049211,37.45732091685142,63.638037830299865,35.46686006603502,0.0
21,-33.50159408267225,47.127828054305525,61.134979682060965,29.049608221135827,0.0
22,-26.811850202201015,40.642279924657466,51.997479092978814,33.290272055552634,0.0
23,-47.804616993852974,68.81863980427421,108.03671429031215,57.15633422084759,0.0
24,-59.80434074902899,62.01161747604565,76.13388232373846,57.09266724667075,0.0
25,-38.32013581466473,50.84368929769515,90.59596635819082,68.4199443198972,0.0
26,-48.1263642583903,30.027634180338122,67.71711398177986,67.71887806515139,0.0
27,-23.252240890082714,42.32339953647966,71.91077258004076,68.75218309516963,0.0
28,-27.61981718614258,33.61446804987206,72.36005912390483,57.3982219681879,0.0
29,-40.38953018496221,65.20611865243193,75.54179413675223,44.6242350197609,0.0
30,-41.312989085884276,54.799615644501266,54.372698330909536,32.43529286912331,0.0
31,-31.999649037387904,63.23646098534411,63.45034688888823,43.561703122674096,0.0
32,-56.172394464302954,48.407882331968835,81.02771802629398,37.5023866012917,0.0
33,-39.44433120759555,41.421991332088524,69.75537081320003,49.32933158421004,0.0
34,-67.81009514612475,36.638302679044386,47.66533777663301,56.07347216216552,0.0
35,-52.25094044103973,62.31543348658322,53.69126491866573,56.6365783820416,0.0
36,-36.41768825091461,38.42083127673257,66.8655059823546,47.18155708687915,0.0
37,-60.99814047046868,39.63838307067919,66.83164775296797,36.32515305439324,0.0
38,-46.60749562796197,39.50662076652469,67.33614295478525,40.67138666982218,0.0
39,-23.90290930618217,40.71618544179947,83.60851300700054,46.821394349892024,0.0
40,-34.71640722640776,38.359078184771384,78.33975790923374,63.50942660174822,0.0
41,-49.949555034343156,46.433303196883614,75.18500501036216,36.302937363953376,0.0
42,-13.35740859038011,59.61360141451098,79.36610284187884,62.92785432879275,0.0
43,-44.21537074401431,52.07835779600536,69.19889115173866,38.41992751222011,0.0
44,-43.17923246625864,56.13498770990817,82.35806935934899,49.168652226364244,0.0
45,-26.63656717651239,36.76044811724093,70.5769475943881,49.291485224215094,0.0
46,-42.5480603693063,67.68852608387752,80.8112568062527,33.13291829849756,0.0
47,-21.1294599190754,43.60487717440018,86.16734296838041,40.874618395923406,0.0
48,-46.38411618566778,45.229840756244606,101.31433565178968,52.05497812489807,0.0
49,-50.81072802605494,65.76813688479979,77.84295006415155,55.044776371666174,0.0
50,-29.805631008032183,49.35974223385858,74.90537891011925,37.4039454622745,0.0
51,-46.469335447828996,65.23368740647346,64.82240016432112,49.87624682196051,0.0
52,-28.689841887179504,78.75263134958651,57.09056906943581,48.6061898172264,0.0
53,-50.791040020345385,37.31239753333557,69.30570521431393,38.00324496954305,0.0
54,-48.84186298387536,49.46424510786101,85.89912348473445,50.28234212317331,0.0
55,-47.91912024061759,47.67610778005618,72.6312893082838,30.941716717125587,0.0
56,-37.804613313384934,58.579804450006556,87.2414911519217,60.453615444662326,0.0
57,-26.75668964439196,58.967781361578496,71.8755431545645,69.34323478754216,0.0
58,-22.29411883145111,61.66222083342417,88.33987657775822,58.63144827679226,0.0
59,-41.36866662634516,46.105830565707805,78.96385980756202,26.86451295054495,0.0
60,-38.62005319962202,64.57306555742181,62.329464561705834,72.79909697106118,0.0
61,-53.812445364166194,44.62378355494598,64.13000538602874,22.70789743855334,0.0
62,-45.516985426738486,31.689985495872254,75.90784355654242,61.79013774226147,0.0
63,-57.8053902851021,33.27368482414313,55.65483187847658,43.0723783299506,0.0
64,-41.89978292616195,48.69352617440019,84.26418542515538,30.286182499402774,0.0
65,-44.69582702314828,51.730433525190925,68.60781005472232,47.95658190413795,0.0
66,-26.494219315179592,30.095680324953477,91.71168705565152,47.30818024823992,0.0
67,-48.76582392622332,44.9480045621412,73.33726929643343,34.94243188919498,0.0
68,-33.35382448592156,44.05239489560629,83.72422919208628,28.132217332364522,0.0
69,-43.25275392947106,47.560411140217425,83.11295429222295,59.20529642302523,0.0
70,-55.13550216320535,44.34936656667879,80.96863970428376,50.357253601225864,0.0
71,-38.91157279082195,56.5315208693541,86.67085000173219,46.88183690867177,0.0
72,-59.23571853155738,40.24822805681428,61.01326134282295,58.18920091754209,0.0
73,-61.87956830642753,51.35617007872013,68.25638299866291,35.141735367765975,0.0
74,-37.06069993690934,39.59828026320025,73.6741706082661,43.700759126419605,0.0
75,-40.46675810823902,70.25054318500521,70.50317284946621,39.851669337714675,0.0
76,-17.549468417034348,60.943506895710314,79.69439800460566,57.10036901577803,0.0
77,-58.069828573749966,42.80527148170914,99.00315831047041,64.04344807199107,0.0
78,-29.93499151609058,46.348598565875555,85.6013432341903,52.55988213612924,0.0
79,-37.319675645314334,20.593693040622654,72.12720689581982,44.953984375223634,0.0
80,-43.40739910436984,43.59759249632611,69.99711096884852,43.48016733799497,0.0
81,-36.67586472006204,42.15604716592655,76.04049741435483,58.13990310956697,0.0
82,-43.60566989722514,52.56010092090574,66.88197377459396,40.910537329646395,0.0
83,-54.50525442519162,40.8256826599379,65.8399393353047,59.82507908522371,0.0
84,-30.896168880509485,53.859375674099006,93.75231712671949,70.84282453293179,0.0
85,-51.25997477291275,45.963444473618246,60.28548419265905,37.18194591232237,0.0
86,-47.83016395434767,36.18727506471134,68.85369181927571,42.17869891369226,0.0
87,-38.97496045455593,56.3930601952633,76.52634156451144,37.14994195726476,0.0
88,-45.058691337973954,54.24195965473535,65.37601882110299,51.00758669908733,0.0
89,-44.672961780014326,47.48017717260832,69.90295293137949,50.83212117914845,0.0
90,-41.36916750967649,32.465236416829654,64.63251685768208,20.38086945392939,0.0
91,-49.5428517142435,56.15416673530501,72.47760248483814,46.404420791203734,0.0
92,-40.25134789049074,32.12076885731064,80.21820613345139,37.27640191680489,0.0
93,-54.986051431937234,52.35924970432166,48.20219030228761,53.59881113960072,0.0
94,-47.95500999224502,56.46697032528561,78.8361115718413,68.23359675523966,0.0
95,-23.703844760541244,48.582429273616505,67.52561457995448,33.105449963079344,0.0
96,-30.870848025246172,51.90390910978348,94.0623155672935,42.66092600737771,0.0
97,-34.15767646652738,55.76164728963659,63.25242433154872,46.863282671726516,0.0
98,-41.07544888506925,43.5618945410596,71.97056243230693,44.89137781450617,0.0
99,-24.65438317237348,47.3592027760549,74.66592703230657,43.676174537498774,0.0
100,-38.56489809882123,49.426849627208455,64.65140871080975,33.429741337465295,0.0
101,-22.4751398701498,58.78045180758766,78.36486773314728,34.53215809234738,0.0
102,-45.99261354986328,47.729886566730684,56.643492674102596,40.38598222783392,0.0
103,-53.62664409290946,49.32994236667061,63.83386806840881,55.20297161146811,0.0
104,-31.771152619474005,40.858668439522184,77.6721577748314,54.12230975957006,0.0
105,-50.51386052177601,34.96041755786087,78.06841834629806,57.5622845868783,0.0
106,-27.316346621411437,31.283468175541554,80.5731784394146,32.19007716223842,0.0
107,-31.875478009096124,48.862895576876234,79.48300218199118,33.413676693341856,0.0
108,-27.832904286855694,66.95435348769077,83.40754022416404,70.55861228070287,0.0
109,-7.915810270602833,51.09834095252165,85.72527564561028,37.854497566297084,0.0
110,-34.393420926531256,50.10021488689695,72.02774190201819,43.06023189694807,0.0
111,-14.005035414699782,46.68449860654968,79.67907283599862,39.72085880637029,0.0
112,-47.66265967736042,37.5492693895477,74.96190011957718,48.843170710217116,0.0
113,-18.641184085800035,28.08140486279545,73.17705742502476,64.97858875290346,0.0
114,-20.210299717584192,51.980018845425064,103.79263189194754,18.973000493441997,0.0
115,0.6463635520177782,51.418978926768034,82.75995387434035,45.382634583564,0.0
116,-19.319433567829915,42.86705688221704,67.62100886826732,36.62285330700288,0.0
117,-39.20224016309819,66.45407898422596,74.97514456269545,51.90524012141158,0.0
118,-47.51577063863343,28.928153959127815,73.80927823126349,49.96762092617478,0.0
119,-27.849394897209653,48.88876828059325,60.93475560752097,54.518066303903986,0.0
120,-16.69124093059404,53.52786680866883,74.80555872706844,50.28887103993402,0.0
121,-62.859577516181915,32.27379873178733,57.07702399248288,60.078619195690294,0.0
122,-35.63722158387404,54.3514237760744,77.07857652172073,57.23559452917211,0.0
123,-36.82594117581675,62.14754568458901,68.9770394577328,37.10643618646468,0.0
124,-46.8726134278239,76.84839055863688,85.15031655361888,45.18068080724762,0.0
125,-39.4610898220094,40.98815674997954,74.62317315732825,40.85447637702901,0.0
126,-37.24735157695016,35.836562253558945,68.34299606712926,33.01548889760584,0.0
127,-40.24034894208959,30.851454769839115,87.80381841006707,52.23806292526366,0.0
128,-33.50485237769742,40.89055851812028,78.73603386960013,43.25062207978034,0.0
129,-20.23438034241438,74.74895756147302,95.00621926653737,31.943118634987254,0.0
130,-28.961311640044915,55.375766512071614,90.5625293140798,53.24923909690108,0.0
131,-36.35133960489509,50.75507663077942,69.68604374612352,52.0570877728319,0.0
132,-51.03638512893597,67.06339163898093,59.748553826287576,31.496003861732717,0.0
133,-50.93890547835269,41.92215481794349,65.19416004612658,41.936199756935665,0.0
134,-49.81985444734666,33.97740733873263,78.44074577102984,63.57221172413401,0.0
135,-14.578816261263993,53.81941731941242,70.64290325967262,42.88849937140138,0.0
136,-36.750548489621586,59.333705612410384,78.32041426329086,34.458018540390256,0.0
137,-7.065232927413828,49.563581104211046,96.78651827912067,55.8952976587968,0.0
138,-45.93095173870456,38.530574572085136,54.58966081998085,38.67045992105115,0.0
139,-40.59148012654199,48.283761935637706,75.23567749458591,62.3249465220951,0.0
140,-51.848305347729955,65.06427274378916,85.88070872188936,55.38121715511983,0.0
141,-23.687674704890338,58.98510504306293,74.03194101132723,60.36154712592764,0.0
142,-44.676534990232014,54.224892731393254,92.73321815132064,71.99033934865832,0.0
143,-40.53880817044912,36.59072726846504,53.914924072926034,59.408858300223834,0.0
144,-26.49515044346959,53.41579923571368,71.86172290651017,52.036741343673796,0.0
145,-0.1967017055579987,50.28033114214504,74.51408940368269,67.13439800414814,0.0
146,-39.93302312803047,51.49891520867112,89.31976627393281,63.855507932294316,0.0
147,-19.44998691178572,50.75079742634332,72.56979811087184,43.69314326511753,0.0
148,-40.85542472722634,56.853098927811075,74.35058315845707,36.13698412563715,0.0
149,-48.85692872575506,33.223671414637,77.4786277574332,60.61613182197847,0.0
150,-54.75311282624832,49.69172912179606,56.419883191839844,44.7582105800958,0.0
151,-49.19022679891463,68.49538455892252,82.56326780726562,57.417721492528436,0.0
152,-50.94745345674738,61.24816159170832,85.28720011487742,46.03988475881389,0.0
153,-35.539368559844824,52.75763610411707,61.116634990782174,62.72449840305667,0.0
154,-39.539385946848675,40.1605921239214,74.0565262369388,52.593152023996026,0.0
155,-26.08260378153564,41.86763972632003,71.27536362024448,50.91203911838885,0.0
156,-57.434748081443786,36.97516154438057,80.40361578487546,53.79540425780994,0.0
157,-34.09095168714889,48.27219220413682,77.928592869307,34.137982399179755,0.0
158,-32.744989740768915,36.51850869687312,80.03804505092525,50.50977223933175,0.0
159,-41.482684127388396,69.13749062975191,91.50461099457259,61.57944451540412,0.0
160,-30.724086554913022,46.991717173159714,86.9988937073813,66.57449182042964,0.0
161,-42.87902611253843,51.329386322040676,58.999010471519014,55.914234179185705,0.0
162,-37.181161149030785,54.42213393232763,74.16350400224384,26.95566669119601,0.0
163,-43.91496217194382,39.58570758358628,71.29334947521124,61.77833878626363,0.0
164,-32.55680044682677,49.237356393926724,68.15224955236641,40.37763086856687,0.0
165,-27.944030688335513,55.69341391645113,68.86941104511418,55.41690160261668,0.0
166,-51.319368761070436,37.538805603068724,74.26039243591246,68.79034595359961,0.0
167,-50.347593451221954,74.74273280662266,66.49321878305581,56.619964537497665,0.0
168,-34.058387598903195,44.57150435604369,67.16650944131932,37.10094604977244,0.0
169,-40.67047484808064,57.82407586993446,86.9621001208373,85.6489637135263,0.0
170,-47.26215441803754,64.85144759176004,70.4157583364985,34.79901067342866,0.0
171,-31.43045028787531,39.879400523879916,97.499829785596,33.93955724853447,0.0
172,-43.15788883803036,36.987996267795296,84.43066487746675,45.04582978046359,0.0
173,-58.391776915485785,63.772374817478465,69.63109171891399,40.68864138894431,0.0
174,-12.34393414640875,57.43781627115195,82.49335485869057,36.12949475470599,0.0
175,-56.85073525687362,42.016127203285464,81.66772198800228,61.5725519881904,0.0
176,-35.202729887242974,67.64415858772514,82.37885405868913,34.52725495205944,0.0
177,-53.63692544404573,39.4663627025852,64.05852407504948,25.816961670032004,0.0
178,-27.129360401577415,49.292244535979194,74.41978846554586,78.38260428822237,0.0
179,-50.202605226348695,36.794941439242734,83.70313900652161,51.12597089427253,0.0
180,-56.948252102333726,34.34952822853799,92.72903502840666,35.081856321833136,0.0
181,-30.42082134377473,51.27366486001284,78.03672689932273,18.359560136885957,0.0
182,-34.91353426888952,58.69169127678936,85.31008594488505,36.3240142588283,0.0
183,-63.31183187708593,55.112034361582985,78.38363244125269,25.28825693582888,0.0
184,-3.3150541748679174,60.8062325336458,71.76234587598118,36.33383811252021,0.0
185,-53.341644290750764,50.78546799969379,59.329278514850564,60.0021909027595,0.0
186,-39.63017091383498,52.355545021972425,88.79868583468394,48.989919247976886,0.0
187,-50.880094224966726,30.842843422642968,71.76647667885912,51.48642921879155,0.0
188,-48.243848087698424,47.99263770020237,72.42849172018275,37.310532412640725,0.0
189,-14.2080687318063,34.883800135479724,92.96871847212456,68.48266238615616,0.0
190,-35.35581864549941,40.79066264455004,82.91342183548105,62.091543322097706,0.0
191,-33.16723903110852,41.59617080765634,80.04662596326393,32.47806472040376,0.0
192,-55.33569185490483,44.98708659441049,83.46094116945774,50.471335252487975,0.0
193,-19.74590882571462,45.997783054697564,67.72483471766591,46.86394494792676,0.0
194,-42.16799745377178,45.679865068944025,71.58955539733427,58.19164601158968,0.0
195,-36.00640808276584,34.741401002756156,76.99323151473479,70.88175521529713,0.0
196,-58.578332082140676,67.0097105880681,62.24893216754212,61.63284140176817,0.0
197,-48.66868916990307,53.0792616722488,84.71105598985716,51.30696524054299,0.0
198,-34.294437451269374,49.68470694427438,91.95081873716347,47.22657150342007,0.0
199,-45.03755629987933,29.601225358229474,69.13204534459304,17.935785113632182,0.0
200,-53.85110994493119,42.11305674025801,56.615086229316255,50.91350677717162,0.0
201,-48.328707168541335,73.61032766272731,82.579836985589,57.59732748705844,0.0
202,-54.12196264220511,52.30226506368064,74.73863152784554,47.622993154316646,0.0
203,2.326062771996237,61.55792314950088,88.66324532147372,54.8285886969879,0.0
204,-62.1731631579126,34.95423587687925,74.6221778311026,22.917172746976476,0.0
205,-7.0178448761383425,52.400602516537866,61.264824178894834,44.526077748924635,0.0
206,-54.16534306181535,64.77915840493209,82.8747077054865,43.32135818193039,0.0
207,-60.325596996694244,53.07152188104041,71.33204566976966,38.07335720612834,0.0
208,-62.85971989230315,59.61505837030268,52.76872044215657,48.81931153204067,0.0
209,-32.091808313850116,61.4167496458665,78.65364392638912,51.18019812889507,0.0
210,-50.224701110766915,24.49231220241005,54.55725648281926,66.22730875553123,0.0
211,-35.460758645629824,54.02745337488889,80.95247367870067,38.88190051662955,0.0
212,-39.74229702913414,49.324720219098126,77.47052696044712,57.314240745560205,0.0
213,-8.491467246431261,41.77856663900726,72.1050347874347,41.697537684329255,0.0
214,-37.02216159395111,38.23491490099661,74.79398322609654,60.22255385776712,0.0
215,-44.09512788292238,31.75899060512262,68.45839736301664,24.022717291895127,0.0
216,-53.564094257123664,65.65222733581435,76.62669345761046,41.1695638582799,0.0
217,-37.455829015143046,43.44932967717837,67.45579209698226,31.355304153796077,0.0
218,-48.02108674855386,46.81419502277275,69.52643054890497,69.84846687403807,0.0
219,-45.35760773008662,48.62539173242865,63.98738527183485,65.28877687713617,0.0
220,-40.66692031621789,33.275439401081854,85.07241855747799,57.934645042693,0.0
221,-45.48901933640488,51.86696815739117,74.13228495983228,54.92692495768561,0.0
222,-48.23249949795378,28.383988034229922,76.66046062341107,57.35890008402829,0.0
223,-45.05511184219654,54.09391264334618,57.36166547377443,35.74875554947772,0.0
224,-60.05017731475307,49.35171603252528,59.39404166154092,60.27375301897433,0.0
225,-2.7109053372126146,49.87358426817408,71.7651569362031,35.016295440296716,0.0
226,-29.777083820241366,51.56062683945601,76.26065760168181,36.431618111146236,0.0
227,-51.462985548012256,51.27839196411494,75.03068977461879,67.48923395695836,0.0
228,-29.08547130346294,45.72154148930296,60.63654495945885,56.09130642590024,0.0
229,-32.25392346067378,39.79704869106312,72.52240363090998,56.02323780366452,0.0
230,-29.164564542847497,58.86509215708801,71.92637421922025,51.2041575578131,0.0
231,-42.91431619753798,51.35980979441938,93.06722617036733,58.799097914091966,0.0
232,-57.287613033487645,36.18202898224418,89.43599996129907,60.970213066195065,0.0
233,-54.04960708948033,80.6000219319667,62.97502260327741,46.55559551135935,0.0
234,-26.93151657993139,52.56641173036506,94.36579182845259,70.7199507145045,0.0
235,-18.251440249629027,32.42329841308492,71.86020230219624,51.868982175266844,0.0
236,-35.540670383126624,42.928215702266804,75.02370423217117,50.842920685795434,0.0
237,-23.769704239946655,59.75966797952838,83.49131372510938,38.49926305957323,0.0
238,-47.228897864238846,61.17442062865044,74.52039430489756,36.67045185261951,0.0
239,-42.26649383789166,36.595488093633456,65.90191594633107,56.885817896572114,0.0
240,-52.91464782831555,50.56659405403862,81.86151274687698,69.22143864270183,0.0
241,-47.45761896570394,43.1003849742953,89.68219191931678,55.112232369401255,0.0
242,-39.017474081873736,60.15914335395313,81.87062180025391,48.39927856878022,0.0
243,-50.57016089721811,46.640945860297585,76.6684651828781,61.515202019212104,0.0
244,-47.23176113000771,48.669823969295294,69.6082525879313,56.16430435444952,0.0
245,-39.036781640372666,51.881237835485514,91.60351869980168,49.68173178012002,0.0
246,-48.9858614061002,37.48391121204646,89.02158161169797,51.61636649296042,0.0
247,-30.847844768184796,54.78653600575607,63.0799644218944,57.65543469914335,0.0
248,-44.117145158670965,53.23280102663182,76.64392014239552,45.77199455895085,0.0
249,-61.0130524173409,42.83444306697309,60.762019549830924,57.20741604497989,0.0
250,-38.255080268260905,40.1080752936829,95.98491233997437,51.06043326401431,0.0
251,-39.506794836665584,38.92502552864313,50.10125590119178,31.28180482352391,0.0
252,-53.399538755486056,68.99988789134781,71.48553197991144,51.53561308945445,0.0
253,-45.25958749353057,39.74974135781611,93.87197273153788,52.2924408093556,0.0
254,-32.57820406118379,62.92670937677971,87.23864969984928,53.09710092567525,0.0
255,-10.76352531379839,45.77087190150829,64.20855932176352,45.15170501181785,0.0
256,-34.44328387299287,50.47618617972343,64.91083263711805,66.56859416216362,0.0
257,-54.01132853123666,43.765349733300646,55.97796635047124,67.29705964930078,0.0
258,-26.53211207078622,38.62211698751609,62.713367431104395,44.01997550354548,0.0
259,-42.67133396598797,49.32453471278906,85.39463209468202,49.534823200225325,0.0
260,-23.90341636709957,65.15053225365716,66.24617951746771,55.96271125086481,0.0
261,-29.286707266411838,32.64525686742579,78.85360924387265,28.45120143635191,0.0
262,-45.79127543883325,33.030197767321766,55.74931834201469,40.185550433551924,0.0
263,-51.20782590942362,80.89373385130035,91.01314107787984,49.76561022677758,0.0
264,-35.71069155031256,47.79730816243888,85.6184084137676,52.57827783669357,0.0
265,-54.37417685852135,42.36977407451151,80.17763009058388,35.29306562365488,0.0
266,-50.06047551484661,60.196799574719435,69.69567366262872,60.11656797366506,0.0
267,-64.77439267334168,46.18164590422373,72.99369257901769,47.87086050432569,0.0
268,-57.347477099581475,43.5465906332951,73.33148781132974,50.31265213400081,0.0
269,-38.50393288122195,54.58960266784802,71.20586072740274,34.412176392932864,0.0
270,-41.412086926369355,55.58617180577974,84.1144184168467,70.74725309098352,0.0
271,-32.289201086683924,40.945043791995666,71.0609143418249,55.619129614540114,0.0
272,-50.22723663006609,54.559659220001436,71.99764566929831,49.98918524249743,0.0
273,-53.70403999279737,30.247113526420705,79.62845363628574,41.3050101016056,0.0
274,-26.706653605586986,48.9614611622767,86.08062441665753,43.060129070272986,0.0
275,-41.226470236927696,57.61616008378664,56.50389627738861,51.72783539378618,0.0
276,-38.30405389239036,51.74851963529599,76.09889795881956,51.63377512712869,0.0
277,-38.55048077913097,46.43527845210367,100.2738806566945,57.945434895602894,0.0
278,-35.305293345976125,68.09525590451591,74.9010504479543,65.24573626055093,0.0
279,-56.5124251323634,37.5460159343308,65.623121125786,31.775564330089832,0.0
280,-42.2201092428626,44.473369396212426,78.58211258597365,58.54383248721605,0.0
281,-40.39383928868784,63.955966901606516,84.73384222371156,35.65047951323583,0.0
282,-47.59805516587818,49.283808090446676,60.81053264328784,58.02074914004814,0.0
283,-29.145007891461454,50.33233064958134,97.51021478181,66.19778764431189,0.0
284,-45.57188948826436,28.453820054194065,69.05994460237557,51.016405437663174,0.0
285,-48.724133284327294,48.21089006945988,73.83748293893669,35.107535891300735,0.0
286,3.2973705655892402,32.79123981857013,88.8094696389412,37.19549328855565,0.0
287,-28.92407041913357,39.8755713648465,73.40355127975577,30.695891550654085,0.0
288,-37.97542336363582,67.66629566110397,95.86240862897213,34.341832242767474,0.0
289,-35.6101330731717,43.83331078621947,67.53959346534113,53.38776744157803,0.0
290,-49.25031309182083,50.00757122601344,84.40707452275218,33.90286005035854,0.0
291,-59.83669168158089,69.70207553169921,54.39706925895899,57.07030854712571,0.0
292,-56.26562793476856,38.682670903372085,71.82832692536013,75.91597604218153,0.0
293,-31.05234045691492,44.42114072452427,72.74442974181129,28.918775871858365,0.0
294,-45.90059559094285,48.79898679842246,63.45377792870359,29.851149837900728,0.0
295,-41.5493379270473,47.95797865346987,97.88444667220014,70.07963100360544,0.0
296,-58.28152479772134,53.114472326417946,58.96839437292724,37.18245331575402,0.0
297,-56.48498398479886,51.36311286965723,73.70425527221111,49.39525150514844,0.0
298,-49.853600696990334,52.82109553622789,80.34077296154184,55.370524025906896,0.0
299,-28.97625328167929,58.49226361653568,104.47569629603734,53.56295368174264,0.0
300,-15.904558808752626,58.96880448524389,80.53959864120247,58.408323284974145,0.0
301,-44.711681788692786,54.66466736451861,59.80394239126632,71.57027980063258,0.0
302,-47.18269043800333,37.350677745356506,71.9036720516689,46.263281453008226,0.0
303,-30.188652567205835,61.87677528874523,99.14466086004867,13.702373231138722,0.0
304,-55.34144558475592,46.340835727678396,67.21560163040992,42.513416861382076,0.0
305,-33.83107090875389,34.097990437204516,85.63596835306898,56.10746580255211,0.0
306,-58.955995890478185,40.89105104312992,69.91210995349074,49.88168390923344,0.0
307,-54.31970347803585,48.26787950993461,90.52008538867264,63.54506784330429,0.0
308,-52.26425597248558,41.176444620190665,88.26237710967047,45.05178383004848,0.0
309,-53.13287551888131,55.73602427505089,80.50265789620573,59.53271575573507,0.0
310,-50.28376544378239,42.47831603920306,67.38649223519232,56.358384499750265,0.0
311,-33.00037904370814,32.68486329926613,79.3189134156672,51.27047130365726,0.0
312,-27.06469777616876,38.9167170382027,93.26436889647007,52.007541389609756,0.0
313,-42.946097372837194,41.190932609037986,89.46879727649353,47.588040349245986,0.0
314,-43.23391317433746,38.869246843975745,70.09589675083139,65.2998556588637,0.0
315,-29.899407346399958,40.99262511486251,72.9199503612297,75.02640708742581,0.0
316,-59.066695340336956,40.77894219186757,75.70382259398932,42.778278367930774,0.0
317,-44.47482617985127,48.47289534879332,76.4678651586348,61.80094280214101,0.0
318,-40.776375896311016,54.49818952272001,68.34610664757561,66.74817538332786,0.0
319,-60.43467243700968,53.75898204454798,50.589433546033064,38.46651730293648,0.0
320,-44.84028187199844,66.87754103663683,70.6417801720007,25.5587031984085,0.0
321,-14.51369209255321,40.9538819281361,80.20761338870578,43.44869594948608,0.0
322,-44.32848511581745,71.08625365972979,63.991422475160135,59.1536029526602,0.0
323,-44.00429654586189,43.60466650641642,80.61256154975669,31.884286160288664,0.0
324,-31.542797972053634,39.42661654112175,68.45280994145769,59.519730987921825,0.0
325,-37.17403226393739,69.00214061229659,87.19196452058166,45.78274345686127,0.0
326,-38.306875104975326,35.02553790825603,63.246601898311944,45.67335049280905,0.0
327,-61.64248712846842,43.29149156190435,65.9058220123493,64.34566881139502,0.0
328,-19.658234113237782,64.8295139547372,73.20599483561361,36.539575959263594,0.0
329,-45.05232086600474,61.304968844008485,72.78582905871566,63.7034568423719,0.0
330,-30.846056687068586,58.38979407185686,96.0885654425964,51.02570921713337,0.0
331,-12.764392642769124,41.89956924355953,86.44250619523605,55.6973522655431,0.0
332,-68.32483120044009,62.06762582714717,58.30695178320112,38.98156425132314,0.0
333,-52.76987641247044,59.481459921205435,80.21848209206738,39.23544324819181,0.0
334,-36.02189665107606,68.05476551857025,77.31618532245943,54.20437777830369,0.0
335,-20.58583485885162,57.26525679937306,100.08228869690193,34.48998182028135,0.0
336,-39.78044758047072,27.790921831733534,81.01001404615619,47.52724110827636,0.0
337,-34.664776251022836,73.34844603310873,76.10766136890267,39.716007767518654,0.0
338,-29.07594894587913,40.516437515778165,72.4850805895437,40.05537582534586,0.0
339,-33.53872414186203,65.27045345152455,78.33164952657579,61.7603115483996,0.0
340,-22.28148651204063,47.24911722015148,80.7312416316478,81.5952040198691,0.0
341,-41.97332778739217,61.654988077721256,64.9692437188233,37.87937802718844,0.0
342,-39.44248786366137,48.76581324268679,85.35995226137288,32.17760663151754,0.0
343,-14.831291856053014,68.02417276225138,74.43852186688915,83.20347217106848,0.0
344,-29.737001268602114,38.47455061311082,66.5166686712179,62.76554786456797,0.0
345,-45.285130851072026,28.780437256176615,71.51715456870129,36.9235457324966,0.0
346,-36.41478662876784,62.802372105057806,96.24611045591153,49.273752401900936,0.0
347,-46.23323117302293,52.210645275838246,69.81771452894317,64.0671875519032,0.0
348,-52.970259750506244,64.42703647782942,74.93915383165165,48.38428560769154,0.0
349,-23.678384497626023,41.72094021466649,44.685164320072005,53.40676598172373,0.0
350,-35.80645436808468,52.84259619912648,89.40812485285002,43.71609997485717,0.0
351,-28.803483969159274,48.09258010010829,77.70398566867098,69.16255628343535,0.0
352,-44.817091454229235,43.90171905257537,86.69146775547297,42.645402966025706,0.0
353,-53.9764396820472,34.82319243871918,74.36594090671707,57.51363046068418,0.0
354,-50.1164943298767,54.23256672583848,64.02985449021784,65.52950538223456,0.0
355,-46.30212117368592,63.79738368919088,76.62755940878205,54.29061025538968,0.0
356,-27.41609760737873,65.6169809367762,88.94821970254189,35.95337119561133,0.0
357,-41.166787529254705,59.020346017377086,95.33920328397981,63.61549740260831,0.0
358,-46.69555443518925,34.18533443332748,83.1384346633436,58.66055524743034,0.0
359,-48.1991570490033,51.5132316279367,80.18374205334094,41.90912715757168,0.0
360,-40.13168213295073,35.415891038575616,61.08189333448954,37.416524794674174,0.0
361,-52.78836044043607,51.620966709985396,69.15768612053651,61.483406010332004,0.0
362,-24.206392243227388,26.645141654675303,86.52815374946722,52.21160083177564,0.0
363,-60.42812634354438,36.879462554777696,51.392669944775946,55.993745697579946,0.0
364,-35.20523187180362,52.03352646188212,73.17079840106638,60.93174253047163,0.0
365,-54.48231583459784,47.021461024136634,62.97313059127205,52.44946922665909,0.0
366,-52.570219869923406,38.12733325265989,50.55895691702851,37.16392445985259,0.0
367,-22.109267681163885,48.31508712366988,80.77007340645747,50.70888234635227,0.0
368,-46.98688441478965,50.48375359322325,69.78597267844897,63.875593661209244,0.0
369,-32.64064208590293,41.11301686906871,88.8092418793005,32.697329699865605,0.0
370,-43.62620995424995,41.383654310673194,69.17111507785333,46.971873404778414,0.0
371,-40.492323633386995,47.5733350995988,79.11161252521894,61.87709485667881,0.0
372,-51.544478975264305,81.07747058366189,89.46856658693969,44.81321668733892,0.0
373,-61.97605111272475,50.49639193067274,81.76410021341775,46.410820351334785,0.0
374,-59.1914519630471,62.8090586094888,76.64974919903595,37.10931352503306,0.0
375,-44.04818746740693,65.14954840250549,60.774119183261334,40.022286750906034,0.0
376,-60.74554625289451,76.40417161355968,67.04864151611196,57.38356531194667,0.0
377,-36.30315150980934,42.51550499079726,88.6940705122369,32.485789530099424,0.0
378,-49.4997088017269,51.60983941707605,67.60234701754561,49.86924377260371,0.0
379,-44.924717257753926,48.14994971087341,87.36252675798592,71.57637510869132,0.0
380,-29.624474546316147,69.8936759699459,79.36327935927731,64.61901960657549,0.0
381,-52.47138784786404,42.48587856781663,74.08606312679386,72.20839829185184,0.0
382,-42.79296195876533,49.564163767872024,67.20580734255259,12.253294637359545,0.0
383,-40.997058300395516,48.99454735714764,75.1696849801381,63.9902690517702,0.0
384,-62.69127250891494,59.02865214089017,72.92234864972481,37.28378915522544,0.0
385,-40.423124251775505,53.32583031481187,83.78937118097144,39.536899781933194,0.0
386,-49.74341566930152,30.69661641100926,88.15417501209154,47.94371979497463,0.0
387,-27.669080293574865,48.78945149016112,71.06552612715141,59.312621938798344,0.0
388,-54.82470485158111,63.39941419141669,71.55000250265472,49.022880627933475,0.0
389,-35.871504936934,35.766984062236205,89.20263501806411,42.71088530417601,0.0
390,-34.3519596080415,46.06032527688227,83.79641371501405,29.866858230197803,0.0
391,-40.72012630592113,42.76240321677693,86.79720534622413,69.85491771478183,0.0
392,-41.267612116656544,52.58340662962155,79.94977461740007,40.62875310835788,0.0
393,-3.9748624844217693,41.2330921881032,83.21040354417289,60.08346198684688,0.0
394,-58.38623321342887,52.33279336262338,67.68517935540454,54.9310319733555,0.0
395,-41.28921895110208,45.11128992620795,79.50564775317225,42.88188456688798,0.0
396,-57.78220781316879,48.10482539641456,30.687558966560776,55.678536212214134,0.0
397,-40.17986468852949,54.13773335597913,84.82034608518443,55.89625039424121,0.0
398,-63.947246585521945,72.3623831568204,58.84236812054579,31.118552773767398,0.0
399,-49.22522072211101,64.72140278031854,68.37195599326384,59.660500833197695,0.0
