unit_id,CoatingThickness,AmbientHumidityBatt
0,56.95117292363495,69.81330265178407
1,34.69302444638637,64.13995876015869
2,39.40156772390554,57.716194552889874
3,42.865966130347346,53.25576407626664
4,68.83195285740223,51.38023780246999
5,44.097139119402236,31.873547388178842
6,42.41154886082308,62.4696494997296
7,44.588391196717104,33.16436507954337
8,42.814789541926714,56.13255921971741
9,53.020854973579965,33.907850302467025
10,50.24625909070396,41.59017586398438
11,83.10035929277163,47.55281895857945
12,58.9676253102257,54.87567657064057
13,31.870179594220854,39.54566369079465
14,54.497561800111285,41.582262790754264
15,51.56326400402753,56.44426539864553
16,71.53367628409877,44.648964452889885
17,62.247640205734236,51.24279362254744
18,50.25044454272961,52.846822573851746
19,59.47988182169645,48.94067699181637
20,64.0013951666351,67.96337051388373
21,64.99914242431174,39.971372667543974
22,35.72268393210368,47.70924005976403
23,62.32797070487567,53.628569338621986
24,30.105336393922556,48.77010988703185
25,39.10397522783222,46.63677908477213
26,58.03479769260477,61.62521984039695
27,64.50216609494481,70.31887230590358
28,45.07130404084948,55.67143234713316
29,55.34602336061627,45.549569592367746
30,47.949484067957094,45.47363492889195
31,77.68181699321873,67.48636530255467
32,76.61003154385291,59.14454980714416
33,47.584150786824296,56.40558088252897
34,52.32220593762638,50.32742286429016
35,69.00437070907773,36.905664583490605
36,65.41241448061247,41.907316349545866
37,55.41106993370839,65.18825840543431
38,62.46307596323063,50.601904964705284
39,48.95957045177422,39.718901090620385
40,47.702029669819694,54.596289138865714
41,61.97121193043203,45.31129211692012
42,34.95169132030314,45.40581190326639
43,62.068914838608464,48.62570439275062
44,51.66688857562919,69.55792806214528
45,37.482944978416974,93.83281076723912
46,75.00857809614882,67.21389553339684
47,31.685357049221437,42.06975705888487
48,54.48097408917501,46.57028608791046
49,42.246945389911396,65.09967939373108
50,23.119062046848896,50.25606504379092
51,44.66989765227768,37.97952097850794
52,50.07808519797113,60.14897655024993
53,59.72139447241161,53.30678496052876
54,32.72747861118483,31.586117326986106
55,35.06128830394607,46.158730067077464
56,47.68190636320872,47.71901276404897
57,44.84823730320156,56.353016979063575
58,44.89377865687603,79.41413662498618
59,46.66604107671608,50.94233703084838
60,35.81557926657121,43.78374312032211
61,56.603805472233276,52.968894900654604
62,48.62679831711269,49.21202628257641
63,52.57862168844684,36.06678944136475
64,31.57562079888852,51.40817584727805
65,74.59989609186815,46.69214936098602
66,64.40172244851713,47.51510106717426
67,63.03196065525176,45.584986063353725
68,51.301832502428034,49.55693128175796
69,47.20183958373345,60.198091650329445
70,61.38446749370676,53.22305121206303
71,58.89992400837805,56.91570907924143
72,70.00655868762016,42.66597497297535
73,55.73104970643419,68.57637793598664
74,42.146634926809554,38.878832228490936
75,52.21261201978831,43.12881829931488
76,56.17593999780013,56.607154510718985
77,35.73605778975276,59.26705630213973
78,53.912871566960064,48.59153083264142
79,42.66951054362723,65.56438948295836
80,46.86151354043583,38.10632075919263
81,83.9834051557482,58.20908866779507
82,56.39476686508237,40.9482672886221
83,49.33186375800702,57.70737641759895
84,63.18655510206532,53.082074921628944
85,78.04304361755086,39.04999686697314
86,73.12678296264534,47.17376404517052
87,63.95479726640945,61.48101036017396
88,61.67208065416785,69.61060096622474
89,36.31529821234129,56.311660195685135
90,54.46367855157327,53.25357998441103
91,37.691651776671286,41.48199292068734
92,49.32347940629817,55.6853673843649
93,49.67799148133328,60.804946286199666
94,48.149691431402005,41.541541181199676
95,52.0445991321903,54.027236132624516
96,35.508068422960704,49.670443354351704
97,57.76540162981547,49.23455751786434
98,62.297860804382516,31.44964673645912
99,44.64249350008794,62.67370676709712
100,49.115379090496894,76.63221624918225
101,35.06418426111343,37.627469282991164
102,50.66363532815723,44.57287157517591
103,29.297523314261035,53.52441266726642
104,80.68263723067975,51.73062027534212
105,60.788820197328775,33.16550915634072
106,55.07001755015901,42.38869246004747
107,48.27163675368199,40.19102535021398
108,41.99978856610378,29.426713681119686
109,63.73274821437879,42.971873337062576
110,46.819237153979856,40.73542885410747
111,29.698640501279904,42.91810289121932
112,47.78337144585797,38.19069018256421
113,30.349756231127422,49.603792232644416
114,53.56652000085321,26.408586698742766
115,51.33385562351944,41.99827933293723
116,50.032225050485145,43.38517791053068
117,52.44739236482759,30.497993704842056
118,48.63264339944549,49.253642533945815
119,18.474665336682193,43.23951352423393
120,68.74024106800152,51.53144436962581
121,49.222089478209426,34.718881017710146
122,43.22747130737345,54.89232225578442
123,58.837851352136894,54.5164706458755
124,37.24290723066286,49.298621876657634
125,53.254668465072875,29.058317835708472
126,37.40829279665426,56.90450167298076
127,41.10312016051605,47.808009904853506
128,38.56508275701077,41.68507613222663
129,42.198376779511655,46.22658682500021
130,27.009453200465803,56.77239518105184
131,38.50124930745763,19.221714770214376
132,31.975122343381667,55.957696889480445
133,59.445473756092476,35.31663445659112
134,63.86029830832581,51.79171693314553
135,53.20815766893689,55.103513521767326
136,42.40524930963516,59.5334542770653
137,40.68205212552174,62.405170239436536
138,57.27874720961411,69.63289761524378
139,52.917158792854806,44.535850916329146
140,27.887620621095753,50.16433195317647
141,47.006959686396655,33.9142454583702
142,55.2558480587112,44.009825176711566
143,55.93010342951251,44.41729081331005
144,51.878764941440174,38.22448299357988
145,37.72288097165881,49.73439536489826
146,42.254036742777856,45.552845916851155
147,30.742331521027886,64.57171142325622
148,48.18530528522228,52.67030631048371
149,52.2870575741157,37.81847448410643
150,47.545303558454165,57.18621841012651
151,61.46593500397605,37.79598564775455
152,47.78364079901091,44.21930682470572
153,43.50167169524548,49.616607857258096
154,69.64647831411202,69.46260791299626
155,59.040778819399435,81.41140858454706
156,61.184496163161455,60.45277794821198
157,34.47440948308552,48.22825019846638
158,46.50589023630431,74.22687389418549
159,35.127618919067736,43.923770367211304
160,51.000360327327314,61.079280208967475
161,76.86908338909149,48.438130591828255
162,73.89334306078449,64.56852272916161
163,53.41458730035732,48.82721990001609
164,58.01382514082091,45.598003141578964
165,37.14397544012079,41.94882241138478
166,51.3118286152429,38.09558332666848
167,55.76883534244106,51.6398358798138
168,63.834262112114835,51.626610462344196
169,24.125585704798457,68.86458616899014
170,55.09699119219225,48.08459164419289
171,47.88918103387479,27.556747319100662
172,69.71524289122095,37.7738451704176
173,66.12558371443963,51.320760295613056
174,56.12711732319525,58.108862425742764
175,16.648846603585532,66.78983555068248
176,40.143142539071086,59.34896024624097
177,40.677049060350654,43.34886278506451
178,60.44166150075316,52.32431574502638
179,43.42922596205609,56.237417885839605
180,65.25249304687445,62.5250315459108
181,34.56626560507439,33.27940686406244
182,46.47460260281049,64.83268490373447
183,58.660945180459066,75.09952070137054
184,54.777088449755205,50.815944471273895
185,67.50905815454807,82.50579436484426
186,43.62414266470268,49.49307976103009
187,56.72900522083506,50.09571464367332
188,60.34906682684488,49.793242841735214
189,69.71679650250474,67.06461866628842
190,48.21492522483005,38.93414464151495
191,45.46317158077568,58.233118632047706
192,37.41575175562047,49.93001587027103
193,31.740366992712786,53.689134363035194
194,56.08906723251942,68.14475429013044
195,24.311720030523986,8.05366715750154
196,74.059435499687,46.26435146563643
197,44.495757186998894,41.74087879435959
198,29.43125610765161,47.46074663347084
199,74.23302030111536,60.680832971424806
200,37.28868679180287,36.56886378673829
201,70.75012467789408,58.535263226670686
202,57.466394440503024,41.53364622702315
203,63.79033971223117,60.0595217040573
204,45.08815760471691,59.3693267424216
205,44.57242112881038,36.12217823137232
206,58.62549593961249,59.03014769939812
207,46.80177128536789,58.12331178905417
208,68.49949799041607,63.09611867059606
209,29.08610608885478,46.60965190932405
210,40.99611533475451,53.47634362105595
211,45.617218953645285,67.79752448402039
212,63.83848212327756,43.92131980653808
213,46.19257772021419,54.87113230768929
214,31.09215191631081,53.788246932495895
215,13.503667869498294,41.366020549958805
216,76.40692526968519,36.09542968862786
217,69.16840351254547,43.5383164418559
218,89.3337122656526,44.98103257857812
219,46.55849093725968,67.81452756561043
220,40.04376916334605,49.05687323709413
221,61.43569408634704,37.99008601852111
222,46.55347345824085,54.92336682822125
223,55.86369694862993,30.134322880437278
224,53.74914443032591,73.46936715552751
225,50.121946803175135,25.330509513664236
226,71.97705934717759,72.5328173295632
227,51.65190262786445,62.58679624236306
228,40.93717439005345,32.345592074022875
229,31.653161268916577,46.530138482705894
230,71.91972480004786,42.759537492231445
231,71.71621597668417,34.319896867024
232,37.529277448746974,54.63391340808518
233,68.47826166461637,56.94325446966739
234,38.51360634842233,36.85591974762939
235,41.87267469267865,38.72594670390597
236,61.34255292674812,31.89243175195515
237,45.976760326155805,60.64868261191486
238,65.70953414449234,29.491619525888346
239,59.85198829541869,27.12128386096847
240,48.966232830815564,46.940375563871505
241,44.76016908319974,71.50427853259276
242,60.78349793502062,50.43249555282539
243,34.81524890446209,67.22125561411961
244,39.264061262237306,54.655672295546154
245,18.21448595442015,32.522156572678696
246,28.620062108109273,23.8495086025218
247,21.056015351008874,51.30268141935981
248,33.465603493204455,66.54113528862668
249,33.78505128481791,30.554395213547497
250,48.452625616271575,50.91613540465452
251,34.149309292994246,40.96376920668798
252,46.93667357362398,54.46204174323142
253,32.2615846355698,41.29212520029321
254,58.78243615265015,74.96918841277432
255,24.53165138399238,51.77556334449536
256,67.16685454414909,61.63982711506379
257,49.19798558114451,66.90666731185425
258,70.8620891676477,31.54436141507848
259,32.579265662943065,65.65344511152603
260,42.89221940815118,30.075482683824347
261,51.04148884655441,31.143992043297278
262,37.7376099360731,36.33898633516048
263,32.199149891009675,50.748262093209576
264,37.05673572195102,67.54017399301932
265,81.31948270300825,59.25022250211732
266,69.49000434165164,34.22084705775512
267,55.95391038254067,38.03845926827666
268,52.735667236008744,40.34309426927301
269,55.38705913792199,61.06169410659584
270,61.427141447182755,64.04264785232863
271,29.165805092914034,36.721102360614516
272,79.5961882457733,62.68879766803249
273,40.701835361593055,64.87456743867118
274,47.23027642333084,47.573596873378335
275,42.82854805375381,40.234961558614756
276,28.51031382382255,51.25062626779912
277,61.39019468586749,56.05931277101793
278,78.14458940405713,57.231546207561095
279,30.4149080437991,65.57003685637537
280,66.3927697440537,39.026986956094625
281,50.648134149784845,50.24620144506477
282,42.35711087613682,59.80805947783825
283,56.46482616287009,60.62538228142483
284,60.08821921012099,52.269642227941745
285,44.83338991825717,53.267262221891215
286,55.50084324523803,42.84359470343833
287,57.957954713644185,65.06631477830192
288,26.343950238233372,54.92461017377229
289,67.37964075123986,39.54664497451379
290,50.69195437337538,51.584706190307806
291,48.07987405802231,38.40399163797897
292,63.27385273117395,40.465062893614494
293,52.89142680838283,43.03526404781833
294,49.727601224301644,54.125394901884285
295,53.52553805485688,56.464561275546686
296,54.59298705011087,58.323348054610776
297,65.94962531534856,29.19388812413104
298,60.479966394616696,37.661751502449526
299,40.12410740706215,71.18413748478902
300,29.740122894323243,32.124517813446914
301,55.9023543110901,47.50444141975554
302,51.637742776590734,22.95377957557067
303,31.784060995360893,57.71666406452329
304,55.57523703318283,48.33724319241366
305,37.650192936659515,44.925719774471155
306,40.90189429822064,58.496920647290715
307,49.19580543639242,46.89450586531144
308,47.489348544661446,60.967134285806985
309,55.323026601737446,44.67055279006385
310,44.375853140380556,65.6752016063264
311,30.54033949267985,63.391878261745944
312,62.52961267134844,48.917078873535424
313,46.29836529621644,35.94071120646708
314,60.95660872295434,38.77930381946162
315,21.306841406642498,54.09352596141519
316,55.051947466877586,37.864963563814555
317,45.7353865965345,47.959154752228756
318,33.31493225169048,34.85809511284111
319,45.41300275498356,23.638111348230396
320,35.82561791397104,44.24710331352943
321,48.07447881075017,32.67325695189286
322,49.399680911364925,52.91404906295708
323,50.452028813915035,66.0486170806426
324,60.57193249678407,15.42417771672557
325,52.87443038545411,60.39560695692269
326,57.69060718545941,42.74264028228198
327,40.63024615013552,80.97255509142923
328,63.826531206756165,53.09334395317607
329,47.42799776808801,45.241321491062
330,60.89887633500097,37.077428619383845
331,38.27051796358326,35.518625690341146
332,50.6420535538856,57.92638052158414
333,55.27691271338016,54.014498097602555
334,77.33017301708459,55.429011828957854
335,38.65978675145029,74.30252009836946
336,57.062605897594956,49.62923843640023
337,58.82727312069816,60.25264672028072
338,34.01876488333274,59.97808916732806
339,45.0757006186577,61.90346982052782
340,61.49306677240171,51.1508315085146
341,44.67785029135918,55.53528358759743
342,52.7516495106712,54.31106261656895
343,29.632946333623654,45.89229100261221
344,49.300357649116805,42.87580853337515
345,57.285612272318005,68.67633778016342
346,57.85827860300529,58.57818347214264
347,37.998715453466254,25.609698792369823
348,56.458100314080475,36.97052173709648
349,61.38208552903947,38.79740444987981
350,29.46001077846567,40.68379426525859
351,44.15752962004886,43.35643109668308
352,38.49018758570737,31.61355041036684
353,58.302606675104954,59.883987600485234
354,71.52534497438914,51.44880476354484
355,72.12951285117582,72.996909992398
356,32.7550614007068,50.4163923032112
357,69.20771168526122,68.46174651192973
358,38.859503755003765,67.72333574549826
359,40.112923113545406,52.23671851459082
360,53.190125174916346,40.303258909086765
361,39.9009581820884,29.59685678956616
362,48.554268904490755,57.015991110394765
363,47.27001839945716,53.45987530275168
364,37.537891645299425,56.93196416885564
365,38.79413285610393,32.60712063697901
366,61.613945014383866,48.359082312668725
367,48.17243930492641,49.50613627531506
368,51.557884506527806,46.48693149438698
369,71.08210794477604,72.72956586440282
370,68.67912387145901,57.48833558957543
371,60.19474576903146,48.51500626089091
372,59.25028676600576,54.70902287642251
373,36.142478193840766,80.69016162228455
374,11.942681875567915,35.712777550628275
375,48.641722986328794,39.6700482570882
376,40.479176024061005,43.525207276253475
377,41.54358841763629,52.258147784956364
378,43.48561033946966,45.81184482764788
379,23.700401322517592,70.55925457450118
380,66.33956830720136,46.258011568639574
381,44.391729138688326,41.53601588121817
382,56.69480421671595,54.292236137722014
383,50.10363035803016,50.50558023762587
384,40.11864648239857,48.34698814211164
385,34.427950046276116,31.16528921371218
386,42.58123780084732,44.76049314720418
387,48.03774698569683,57.34193184642496
388,50.676931931266815,28.702380401533894
389,40.55401035125956,50.48478124259778
390,60.5347614892412,32.488183648270805
391,70.69699814435484,53.5737456811542
392,76.05417942469046,45.011540150551795
393,44.905649350185485,35.08134408889219
394,61.68974474419785,51.90468801956505
395,51.35205321106395,58.211460955902744
396,38.305077841891446,72.25137751519856
397,50.04052489631136,57.93396383550296
398,48.51562670367657,71.13109595523973
399,39.19753452303632,72.62791902768188
