unit_id,ConversionEfficiency,EffluentByproduct
0,-4.7868721134066305,55.22713957844017
1,3.8809053442762758,52.75360466168196
2,12.880470402974225,26.294826010317433
3,-1.8784701089587905,29.669999256858702
4,19.840091503524356,40.256050482738054
5,7.734821220919669,51.66857228891698
6,5.8284958816573536,55.201380903090794
7,9.754674783236023,53.210897848096785
8,7.29411357370702,51.98141605854385
9,-1.1583361439972406,54.17111960893394
10,-1.337034260397505,52.34816262945158
11,13.391862138464276,58.40992022859976
12,-6.2418081596323525,49.327717233496664
13,11.965215553012772,53.972767683597105
14,6.310524031777024,56.48982862088399
15,8.29813011676995,57.11599227804943
16,6.56897159434795,57.76607323352098
17,7.399622635896579,51.575792550921584
18,-7.409139962249128,47.65660843823205
19,8.918632871542542,37.55161595506265
20,3.2677247835086085,49.93559556332947
21,4.29486780753032,51.7025944048145
22,-8.920088227667556,53.94885556019417
23,7.660293654584334,57.6895857963096
24,8.999502766678614,44.9169301542195
25,-3.876338913152046,45.22739791209238
26,1.4312258760064884,56.99619619804304
27,3.0853432586470464,48.51220219801179
28,2.500114976562679,54.90086989960862
29,23.169255010624205,31.98455556584914
30,7.297086150552503,54.86345581943506
31,6.2313481945647835,54.2525510396909
32,9.061592526563217,53.78524919997258
33,15.453228382816434,55.8205019653314
34,15.871629365299954,51.441482771723074
35,27.705198237298813,26.611559578089967
36,5.745983526638062,48.15781410727501
37,11.41341290763535,57.35392876551267
38,-2.408261719277552,48.69409701047583
39,2.349061312173391,57.949076940543996
40,-7.269373415005948,52.32014229797893
41,-16.237815054407143,51.67443404998223
42,2.2418444002242404,41.8633434800932
43,5.286080973625965,45.88126568889696
44,15.60931044976896,55.95200324177813
45,-1.4478280536376693,52.27569281142213
46,13.512112904998219,56.11127118141782
47,-2.6080944960968546,50.71954293346088
48,10.433146650054958,56.81937744727028
49,3.883898380277901,50.489120178923564
50,-5.587075631505221,53.899297514006726
51,18.949883975074528,58.376659136400235
52,-3.27085901371579,51.33392894410816
53,-2.8984806936788114,46.72491875408588
54,15.864336231737568,57.33361266782778
55,-3.358596545734192,35.32629994680019
56,-9.405672842574718,49.73779118303003
57,14.18685289304946,53.82940458376341
58,0.0480566831863527,53.234000959168085
59,42.02638350649052,13.652771645628613
60,7.68480550609788,53.82390184669407
61,-2.50263375858019,37.2731321537678
62,16.891223355008425,57.40267362410109
63,8.282318613981104,53.13376874829097
64,-6.42116443289337,46.02936706920693
65,15.820127900386623,54.42150590877285
66,2.824188407815826,44.46244846690129
67,17.749437463875765,57.60063050393349
68,9.229865615489441,56.90718489101169
69,-3.888998478197654,51.184264504780685
70,7.113361312524356,43.28467441998906
71,-1.2619681297961227,38.724488699882336
72,9.20006592774537,54.05126086581125
73,-4.039783205142001,50.736593706305904
74,10.178016980564124,49.75599445810895
75,-5.741606600297388,52.27659362969905
76,6.349363699240898,54.34538956130483
77,4.436566819943922,49.57019088896499
78,11.089317120071836,53.70091525693176
79,-5.512410730233944,49.747863761888986
80,-5.297854636825939,54.99823801365699
81,8.960646142109542,45.13355806980532
82,2.8948652928301932,52.06621147435633
83,-6.758901080779969,57.12898418460107
84,0.27624842414837103,51.841229308573574
85,3.3936488995125353,56.525011190793364
86,8.55073838442931,55.244187058329295
87,-2.537956817331125,52.342601337453175
88,6.319573934257986,55.64188772235086
89,15.462396183600848,58.120524739350046
90,0.23297620032898547,49.92412862479819
91,0.23234611234539382,57.13072047939704
92,17.67434992288838,45.63050423079665
93,15.922616106868121,54.75052325938922
94,-8.709971859682447,47.23223869061868
95,-8.77335577304773,52.11390245615297
96,14.502069299002557,46.649506328953414
97,-2.9666660579887574,51.89281722020204
98,-5.667112538138353,56.85341777639177
99,2.5183064500442462,49.82939067396245
100,7.024134653042742,43.476334870818846
101,6.493970366098264,44.82708292179994
102,2.4874690193475515,49.5061932330243
103,13.007173509692258,57.318528295643624
104,-1.544034869508648,54.57116491206004
105,11.760672008859054,56.566649642290365
106,4.381081006332237,57.33735205988749
107,5.314533593509677,53.33566671773167
108,-5.790343964318238,54.17362255375379
109,-4.022029555677301,57.39976789706095
110,15.889472741451277,57.001183844444
111,0.06933871362651356,57.38830785478258
112,-4.188895144034251,54.91219496604165
113,-4.163401384946881,46.85113860393241
114,16.679867994829863,48.799284596863096
115,-4.490267329084233,47.91209875247462
116,18.261562371914955,37.42275524322502
117,21.721681361453996,24.975353894881287
118,20.44236284003623,46.66189251863483
119,-3.315505155501171,54.40914993419454
120,22.963718011074473,47.35842037960768
121,-3.9519577974198734,50.1108720754175
122,-8.229296617167822,55.07069317907246
123,13.850287007105113,45.87792657240721
124,-2.4192260163052364,54.31591826321004
125,-5.799350556371503,54.349216821062036
126,-0.1284419215150776,53.59356469055785
127,14.462586065274854,42.9804952249509
128,9.43866343361511,50.95722522449225
129,1.688682232168023,55.92518705414823
130,15.510014064180572,42.96014878933183
131,30.9150069464902,24.56132356611919
132,4.2752272199821135,59.14303145059729
133,-3.310437301713363,47.52492854912178
134,-10.592712042078364,45.14665381982712
135,16.17368646005844,46.108482964014215
136,0.8363506006593047,52.58616233831419
137,-8.478936600683069,56.388411004907795
138,-0.7192844591661496,50.88706608297381
139,10.699178544270096,54.21157240051557
140,17.1450362495665,52.373738528588206
141,11.656044952323267,58.19132191206739
142,14.719978858952004,56.128712181353315
143,22.929494337607355,28.124794211610048
144,-6.635679912230545,54.249914816884456
145,14.92586495233433,34.126658681731286
146,-4.385465435552807,52.52244693935111
147,1.8949105626383207,46.94512293054094
148,9.450551627155972,37.446706009750415
149,21.341352048967998,56.85170147090538
150,2.4862706515299164,46.60158412726767
151,19.59224560550808,57.853999114256055
152,-2.0471401452668614,56.15368704205273
153,8.286526896706572,55.6940019424761
154,-7.937261249838899,51.32630916882995
155,2.786081414021546,48.168628480265426
156,3.014483081666328,53.922085841469396
157,3.415037759939729,49.56983317621881
158,-13.640979697186143,54.97385629146951
159,5.3104767615527635,52.866146963955565
160,-8.861156689405941,50.82922331487074
161,-1.7684846090589093,43.52730128436926
162,4.818641040427827,50.03110941348771
163,-0.9948410289204697,53.258802642302534
164,-3.913026570060131,46.2281100209308
165,-3.8816444819380584,54.13835853473079
166,-5.564604544950045,44.637298724496304
167,-0.1856444654746925,54.71710825956793
168,-6.422991349250898,54.786226675497986
169,8.48326210810593,42.93337778231059
170,-13.730676791950009,51.72943198013818
171,12.603692836939311,31.83112135424617
172,11.319202032787635,49.737487390208884
173,-0.5883842822372218,48.01416131088442
174,-13.748864261047313,55.872622834975644
175,7.947721898763728,53.97860501463153
176,2.0805500932152263,56.15935072100624
177,4.199009737921976,54.59143836761321
178,8.726684041990817,57.641077103674455
179,13.924374923294819,35.84874150802065
180,-1.1452916541499478,52.17773411370695
181,3.655749194519962,49.28707196597384
182,4.497952551778734,55.499594266962966
183,4.244293755396459,46.37820606989641
184,10.560308618680548,35.16660340885203
185,16.35028480448622,46.12640996362193
186,-5.264388352921346,47.897743351349085
187,2.2604874203671623,49.74923026288289
188,-3.2428915979842285,51.691013745210505
189,16.98149564638318,31.68660674275845
190,1.5573828210088991,53.87662741117525
191,-1.3920314588055374,47.44648437638764
192,14.808218567466017,39.901884862478994
193,0.9899683215976482,52.16980663232468
194,1.2613267223664917,54.66921161551513
195,12.321299720899155,39.23229165301148
196,11.58723474492836,49.289633385394595
197,13.921990793827376,55.32864185221526
198,-12.396433967010658,48.38787358686372
199,6.35745519622746,55.02343566264439
200,16.857574173560412,51.78555611062005
201,-3.6275389129550826,47.393017560712025
202,6.776934088803024,56.83318725989888
203,1.825328768776482,56.10520111586813
204,9.915150457721882,48.44316465116952
205,-5.791829717664617,53.49016103083408
206,53.156429430975706,13.202817518025196
207,23.4949415184262,57.79217763956919
208,12.259552361944216,46.937899607776494
209,11.009383880881144,41.78130394456977
210,3.8543132505461806,46.33391110156229
211,12.713246363343824,53.838752219158465
212,6.622660492339402,45.416705727590596
213,7.851528012257446,55.59611796859804
214,5.110568788819359,49.66969944654486
215,2.3785076974712456,52.33642776629104
216,1.2925636308205255,52.15883277073247
217,5.28775051401676,55.45937192442064
218,-6.5482538507370265,54.401553446521106
219,-6.892352754159423,51.66066215603776
220,-6.867552253752233,57.448320173172114
221,16.992603989676052,36.47117254460634
222,7.2390584295046825,53.11798778735935
223,6.111638657609605,56.29255551085714
224,13.42238297003714,55.93999822529681
225,13.027855739909151,43.61347041880863
226,15.24315493952868,30.840523318598773
227,-7.853930600683885,53.2032619493764
228,-4.648018563877435,48.781323508475
229,8.128247477676084,47.266304531088316
230,0.14251475231249477,54.21178601904571
231,7.552435614567255,22.543303068286352
232,-2.6830353378576888,56.79965984961868
233,9.036909616808147,54.09741322474442
234,0.824847197316064,54.91735972864647
235,-4.367329292072543,52.09483072833893
236,-5.31098070239891,50.66057435038007
237,3.824351869388879,37.32177375100788
238,4.477781799782055,45.86520938218757
239,0.7281302052501761,56.327957990935836
240,5.403847844075354,24.045255645914786
241,6.479249022426083,56.67746863770919
242,9.536124325379921,46.11657099251386
243,30.158865726946164,30.265555546973843
244,13.23442333236561,46.4538342828578
245,-0.17403486348104424,56.442006149142095
246,0.5674009067743706,55.35198194062486
247,7.350171484273268,45.31349803404781
248,17.87421764677378,32.48552952439881
249,-0.060040903703240056,56.28798948248216
250,2.118086395123664,50.734198073816714
251,-6.748036050065192,41.791928241189325
252,18.008933222001215,39.138340911352344
253,-7.998490257403902,47.97222527720143
254,3.7598393683548146,50.73288429265032
255,0.5142517398459079,39.392034702240494
256,13.721068653351061,42.60861486563675
257,-5.623587209849115,52.7942653712467
258,4.426616099397432,55.36215839522706
259,11.825916961628065,48.60969978199435
260,-1.955369503992984,51.14315697166373
261,3.54883007048386,42.933036003423574
262,9.242270634500503,49.13676585610652
263,-2.5677693557089203,57.57574154645028
264,16.669752970051412,42.42626785715654
265,-11.385673035985118,51.52375204475544
266,-0.16529374689247156,53.216593645853095
267,10.687147136116057,39.293449043722454
268,17.6539761203292,26.171364842313473
269,-8.20965854664584,50.463991461544744
270,-6.121259778440543,48.84880979715323
271,9.90676450003408,48.541633785345816
272,13.70126134900262,55.9113066852359
273,11.265725579237412,56.81622054999831
274,-0.0009848811341521824,50.659514719837574
275,-6.22029627692743,52.382412580783125
276,5.845235378352,58.718224803280016
277,19.179095728743693,56.44567119604501
278,27.511006186922007,46.783201227399125
279,5.895224845908647,56.25569584949158
280,15.842086234243572,57.39470566633999
281,0.10239665572721979,47.15629822671905
282,-0.6530030268081817,49.333736869937475
283,8.486506090516059,41.29946156072894
284,-1.2985765455299907,52.29924302415141
285,0.3931535528338941,49.6193646750095
286,1.778886522595514,47.82786282248425
287,-6.533657853872116,47.4366597531061
288,-3.961216999217888,55.77924505924237
289,0.7442576983328832,56.6659521160885
290,15.438702797892963,51.84710094535803
291,16.891836143312354,50.16110558721309
292,19.38021972984499,46.9419745799319
293,1.3145900770863865,54.57024975108136
294,3.6133850815361024,56.03256750970129
295,15.020419310282172,55.77270358414239
296,17.05578606172845,56.735785791738195
297,-7.798120884350757,45.459306185519864
298,0.1355994347002314,53.24896655893757
299,12.826232277580747,57.45921039457954
300,3.6374343299965175,47.874002601529
301,15.373924921241237,40.64629977482597
302,16.501410714148978,55.945045547153484
303,50.57323725111755,10.662915485637253
304,3.5523887115700017,54.218905074596684
305,18.332665837764818,57.33466009533935
306,-6.677324262052858,53.621206111679285
307,-1.2380571019799191,49.124166129802546
308,11.39688354886637,36.57004923780329
309,22.299218538834545,33.0773236999861
310,4.290911256352441,46.644514985603514
311,-3.6144592172440753,55.495344028314086
312,2.953551917669346,50.080149420158236
313,12.69984305081974,56.835242670521964
314,25.760537459886624,38.65757523074889
315,-3.6001143113161547,56.71449315713445
316,21.295467844858514,58.49642007674725
317,-3.94963987954001,42.16089952054055
318,21.196520137226436,52.82936441534086
319,-7.624618368947605,53.51342366535045
320,4.602256290310654,47.97800270459222
321,8.32600560898371,41.232605640897184
322,14.6878723393452,44.475689770927
323,13.4602398760383,51.73112048792268
324,-8.407691497097018,54.78423569294721
325,20.834175130007264,46.69055503404931
326,10.981319826589882,56.10981537621485
327,3.942624235718041,56.436805412409456
328,10.597397365169428,55.14615879107128
329,13.505031121217662,42.213432181914236
330,3.9134582597635714,49.15525477601413
331,5.587077857293972,56.46215880544483
332,13.898339742348089,36.90658280087187
333,-11.339629227174171,52.650212182130176
334,-12.150606646396815,49.68720966992566
335,18.103602594110896,38.04650227296318
336,42.0098320727261,22.39016598675575
337,-0.5061174270027662,47.12515853546232
338,24.636120705095653,56.660783920263256
339,-8.938996312759006,54.364678253383936
340,4.922294589565943,42.3597101247368
341,1.007877342608205,53.45908401817155
342,-3.881286186480337,53.27099736329865
343,32.87045538017269,19.109914610065832
344,5.520620082772242,58.024497563467186
345,-1.5503681323395124,53.45312898409379
346,6.962413063035805,34.3251167765931
347,13.519260274761969,39.70846658398164
348,2.0639014385566825,55.28658610656688
349,11.613435461561707,57.81432374067719
350,2.225057184223478,54.21882502542493
351,-6.723550652271618,52.59493309065699
352,13.643292820372778,44.468976423109446
353,17.773659091363164,53.293506605238775
354,-1.9503156664727026,53.61053475237038
355,-9.52189202244531,51.330587292885454
356,2.1049298141761676,52.04037481881159
357,17.900660014752212,26.160756523816605
358,9.829171250667102,42.35778571661695
359,11.13529361250675,51.898502322273096
360,0.83428151420667,52.72362321049278
361,15.529047750619135,51.94188142699414
362,-2.9243385047913653,55.176220812271154
363,2.774058312241273,45.624114578836846
364,0.3582439442805361,48.64559139741988
365,13.38380409543451,39.40282997258156
366,1.5487029429164494,37.168958035288966
367,-3.2739653529797064,53.557920665831425
368,-1.3298304096149804,56.099782184837544
369,24.36228070697371,23.142838560334617
370,0.5686944676703432,45.427171264291914
371,-15.49112581416183,54.92245295760316
372,7.8995622507394785,47.73665160515456
373,10.703161466941689,55.023289483827725
374,-3.5027375001415693,53.91325085083362
375,29.119896474656972,57.21056970732091
376,19.164081470250366,53.21431376566838
377,0.4723699480763791,42.191457783690424
378,11.485133173366394,51.00496191176073
379,-5.535380947706197,51.085775134792236
380,4.5532854491643375,57.535799436586295
381,14.408255029566263,52.69764132178705
382,7.237400190020827,56.07519388639652
383,-0.804407536568374,48.8591389926086
384,-7.411191154823672,52.11022444489561
385,-9.410865668859445,52.3878167924826
386,7.869310940667699,57.74308912099908
387,12.76791215260995,47.99398505294524
388,-3.7936506723451915,52.84168855568389
389,1.4614577372122852,50.26726846090497
390,-1.18006568383078,47.59720380595134
391,6.092776860629629,58.2542349125427
392,5.906299640267996,40.813143042460794
393,-0.05955288144332105,46.43623329518663
394,8.687113486079932,54.365484604906555
395,11.882712907028354,51.417423505625436
396,5.713251631529024,48.820509187669785
397,8.096366076041754,39.95483106712808
398,1.9422189301774528,50.213265081625515
399,11.399622746125411,43.17485413720447
